{
  "train_losses": [
    2.0986311435699463
  ],
  "val_losses": [
    2.3046774864196777,
    2.0069549083709717,
    2.0069549083709717
  ],
  "train_accuracies": [],
  "val_accuracies": [],
  "epoch_logs": [
    {
      "epoch": 0,
      "train_loss": 2.0986311435699463,
      "val_loss": 2.0069549083709717
    }
  ]
}